category,predictor,nfactors,rmse,mae
Toys and Games,CDL-SDAE-SGD,25,0.9025923246844154,0.6614071882298644
Video Games,CDL-SDAE-SGD,25,1.0576154188069278,0.8051415576984499
