category,predictor,nfactors,rmse,mae
Video Games,CDL-SDAE-SGD,50,1.0576067820840314,0.8050367577613452
Video Games,CDL-SDAE-SGD,50,1.0576067820840314,0.8050367577613452
